DOC,Counties,Lineage,Notes 
10/1/2023,Hawaii,FL.1.5.1,Omicron (XBB.1-like)
10/1/2023,Hawaii,FL.1.5.1,Omicron (XBB.1-like)
10/1/2023,Hawaii,EG.5.1.6,Omicron (XBB.1-like)
10/2/2023,Hawaii,FU.1,Omicron (XBB.1.16-like)
10/3/2023,Hawaii,EG.5.1.1,Omicron (XBB.1-like)
10/2/2023,Hawaii,FL.1.5.1,Omicron (XBB.1-like)
10/2/2023,Hawaii,EG.5.1,Omicron (XBB.1-like)
10/2/2023,Hawaii,EG.5.1,Omicron (XBB.1-like)
10/3/2023,Hawaii,HS.1,Omicron (XBB.1.5-like)
10/2/2023,Hawaii,EG.5.1,Omicron (XBB.1-like)
10/2/2023,Hawaii,EG.5.1,Omicron (XBB.1-like)
10/3/2023,Hawaii,GK.2,Omicron (XBB.1.5-like)
10/4/2023,Hawaii,HV.1,Omicron (XBB.1-like)
10/4/2023,Hawaii,EG.5.1,Omicron (XBB.1-like)
10/9/2023,Hawaii,BA.2.86,Omicron (Unassigned)
10/10/2023,Hawaii,HK.3,Omicron (XBB.1-like)
10/12/2023,Hawaii,EG.5.1.4,Omicron (XBB.1-like)
10/12/2023,Hawaii,HW.1.1,Probable Omicron (Unassigned)
10/13/2023,Hawaii,FU.2,Omicron (XBB.1.16-like)
10/10/2023,Hawaii,XBB.1.5,Omicron (XBB-like)
10/2/2023,Hawaii,HV.1,Omicron (XBB.1-like)
10/16/2023,Hawaii,XBB.1.16.6,Omicron (XBB.1.16-like)
10/17/2023,Hawaii,FL.1.5.1,Omicron (XBB.1-like)
10/16/2023,Hawaii,EG.5.1.1,Omicron (XBB.1-like)
10/17/2023,Hawaii,XBB.1.16.6,Omicron (XBB.1.16-like)
10/16/2023,Hawaii,EG.5.1.6,Omicron (XBB.1-like)
10/16/2023,Hawaii,HV.1,Omicron (XBB.1-like)
10/19/2023,Hawaii,FL.1.5.1,Omicron (XBB.1-like)
10/23/2023,Hawaii,HV.1,Omicron (XBB.1-like)
10/25/2023,Hawaii,EG.5.1,Omicron (XBB.1-like)
10/26/2023,Hawaii,FL.1.5.1,Omicron (XBB.1-like)
10/26/2023,Hawaii,HV.1,Omicron (XBB.1-like)
10/27/2023,Hawaii, JG.3,Omicron (XBB.1-like)
10/23/2023,Hawaii, HV.1,Omicron (XBB.1-like)
10/11/2023,Hawaii, FL.1.5.1,Omicron (XBB.1-like)
10/18/2023,Hawaii,Unassigned,
10/27/2023,Hawaii, JG.3,Omicron (XBB.1-like)
10/23/2023,Hawaii,XBB.1.9.2,Omicron (XBB.1-like)
10/20/2023,Hawaii,Unassigned,Omicron (Unassigned)
10/27/2023,Hawaii, JF.1,Omicron (XBB.1.16-like)
10/24/2023,Hawaii, XBB.1.5.70,Omicron (XBB-like)
10/24/2023,Hawaii, EG.5.1.6,Omicron (XBB.1-like)
10/23/2023,Hawaii, HV.1,Omicron (XBB.1-like)
10/23/2023,Hawaii, JF.1,Omicron (XBB-like)
10/30/2023,Hawaii,Unassigned,Probable Omicron (Unassigned)
10/9/2023,Hawaii, GS.4.1,Omicron (XBB-like)
10/24/2023,Hawaii, HV.1,Omicron (XBB.1-like)
10/24/2023,Hawaii, GK.1.3,Omicron (XBB-like)
10/30/2023,Hawaii,JG.3,Omicron (XBB.1-like)
10/31/2023,Hawaii,FL.1.5.1,Omicron (XBB-like)
10/25/2023,Hawaii,HV.1,Omicron (XBB.1-like)
10/1/2023,Honolulu,XBB.1.16,Omicron (XBB.1.16-like)
10/1/2023,Honolulu,DV.7.1,Omicron (BA.2-like)
10/1/2023,Honolulu,XBB.1.42.2,Omicron (XBB.1-like)
10/2/2023,Honolulu,HV.1,Omicron (XBB.1-like)
10/2/2023,Honolulu,XBB.2.3.2,Omicron (XBB-like)
10/4/2023,Honolulu,XBB.1.5.70,Omicron (XBB.1.5-like)
10/3/2023,Honolulu,XBB.1.16.11,Omicron (XBB.1.16-like)
10/3/2023,Honolulu,HV.1,Omicron (XBB.1-like)
10/3/2023,Honolulu,XBB.1.16.6,Omicron (XBB.1.16-like)
10/3/2023,Honolulu,XBB.1.16.6,Omicron (XBB.1.16-like)
10/3/2023,Honolulu,FL.1.5.1,Omicron (XBB.1-like)
10/4/2023,Honolulu,XBB.1.16.6,Omicron (XBB.1.16-like)
10/5/2023,Honolulu,EG.5.1.4,Omicron (XBB.1-like)
10/1/2023,Honolulu,FL.15,Omicron (XBB.1-like)
10/2/2023,Honolulu,FL.1.5.1,Omicron (XBB-like)
10/2/2023,Honolulu,HV.1,Omicron (XBB.1-like)
10/2/2023,Honolulu,XBB.1.9.1,Omicron (XBB.1-like)
10/2/2023,Honolulu,XBB.1.5,Omicron (XBB.1.5-like)
10/2/2023,Honolulu,XBB.1.16.15,Omicron (XBB.1.16-like)
10/3/2023,Honolulu,FU.2,Omicron (XBB.1.16-like)
10/3/2023,Honolulu,GK.1.1,Omicron (XBB.1.5-like)
10/3/2023,Honolulu,GK.1.1,Omicron (XBB.1.5-like)
10/3/2023,Honolulu,HV.1,Omicron (XBB.1-like)
10/2/2023,Honolulu,HV.1,Omicron (XBB.1-like)
10/3/2023,Honolulu,HK.3,Omicron (XBB.1-like)
10/4/2023,Honolulu,HK.3,Omicron (XBB.1-like)
10/4/2023,Honolulu,GY.5,Omicron (XBB.1.16-like)
10/5/2023,Honolulu,HK.3,Omicron (XBB.1-like)
10/3/2023,Honolulu,FL.1.5.1,Omicron (XBB.1-like)
10/3/2023,Honolulu,XBB.1.16.6,Omicron (XBB.1.16-like)
10/4/2023,Honolulu,HW.1,Probable Omicron (Unassigned)
10/4/2023,Honolulu,HK.3,Omicron (XBB.1-like)
10/4/2023,Honolulu,XBB.1.16.15,Omicron (XBB.1.16-like)
10/4/2023,Honolulu,XBB.1.5.10,Omicron (XBB.1.5-like)
10/4/2023,Honolulu,EG.5.1.3,Omicron (XBB.1-like)
10/4/2023,Honolulu,EG.5.1.1,Omicron (XBB.1-like)
10/5/2023,Honolulu,XBB.1.5,Omicron (XBB.1.5-like)
10/5/2023,Honolulu,HV.1,Omicron (XBB.1-like)
10/5/2023,Honolulu,HK.3,Omicron (XBB.1-like)
10/5/2023,Honolulu,XBB.1.16.11,Omicron (XBB.1.16-like)
10/5/2023,Honolulu,FL.1.5.1,Omicron (XBB.1-like)
10/5/2023,Honolulu,XBB.1.42.2,Omicron (XBB.1-like)
10/5/2023,Honolulu,EG.5.1.1,Omicron (XBB.1-like)
10/5/2023,Honolulu,HV.1,Omicron (XBB.1-like)
10/5/2023,Honolulu,HV.1,Omicron (XBB.1-like)
10/5/2023,Honolulu,EG.5.1,Omicron (XBB.1-like)
10/5/2023,Honolulu,GK.1.1,Omicron (XBB-like)
10/5/2023,Honolulu,HK.3,Omicron (XBB.1-like)
10/6/2023,Honolulu,HV.1,Omicron (XBB.1-like)
10/6/2023,Honolulu,XBB.2.3.2,Omicron (XBB-like)
10/6/2023,Honolulu,HV.1,Omicron (XBB.1-like)
10/6/2023,Honolulu,XBB.1.41,Omicron (XBB.1-like)
10/6/2023,Honolulu,XBB.1.5.100,Omicron (XBB.1.5-like)
10/6/2023,Honolulu,EG.5.1.1,Omicron (XBB.1-like)
10/6/2023,Honolulu,XBB.1.41,Omicron (XBB.1-like)
10/6/2023,Honolulu,XBB.2.3.11,Omicron (XBB-like)
10/7/2023,Honolulu,EG.5.1.1,Omicron (XBB.1-like)
10/8/2023,Honolulu,EG.5.1,Omicron (XBB.1-like)
10/6/2023,Honolulu,FL.1.5.1,Omicron (XBB.1-like)
10/6/2023,Honolulu,DV.7.1,Omicron (BA.2-like)
10/6/2023,Honolulu,XBB.1.5,Omicron (XBB.1.5-like)
10/9/2023,Honolulu,HR.1,Omicron (XBB-like)
10/10/2023,Honolulu,HR.1,Omicron (XBB.1.5-like)
10/10/2023,Honolulu,EG.5.1,Omicron (XBB.1-like)
10/10/2023,Honolulu,FL.1.5.1,Omicron (XBB.1-like)
10/8/2023,Honolulu,HK.3,Omicron (XBB.1-like)
10/8/2023,Honolulu,EG.5.1.1,Omicron (XBB.1-like)
10/8/2023,Honolulu,XBB.1.5.10,Omicron (XBB-like)
10/8/2023,Honolulu,XBB.1.5.10,Omicron (XBB.1.5-like)
10/8/2023,Honolulu,XBB.1.16.6,Omicron (XBB.1.16-like)
10/8/2023,Honolulu,FL.1.5.1,Omicron (XBB.1-like)
10/9/2023,Honolulu,HK.3,Omicron (XBB.1-like)
10/9/2023,Honolulu,EG.5.1,Omicron (XBB.1-like)
10/9/2023,Honolulu,HK.3,Omicron (XBB.1-like)
10/9/2023,Honolulu,HV.1,Omicron (XBB.1-like)
10/9/2023,Honolulu,XBB.1.16,Omicron (XBB.1-like)
10/9/2023,Honolulu,GK.1.1,Omicron (XBB-like)
10/10/2023,Honolulu,EG.5.1.1,Omicron (XBB.1-like)
10/10/2023,Honolulu,HA.2,Omicron (XBB.1.5-like)
10/10/2023,Honolulu,EG.5.1,Omicron (XBB.1-like)
10/10/2023,Honolulu,EG.5.1.1,Omicron (XBB.1-like)
10/10/2023,Honolulu,HK.3,Omicron (XBB.1-like)
10/10/2023,Honolulu,HV.1,Omicron (XBB.1-like)
10/10/2023,Honolulu,HK.3,Omicron (XBB.1-like)
10/10/2023,Honolulu,EG.5.1.1,Omicron (XBB.1-like)
10/11/2023,Honolulu,EG.5.1.4,Omicron (XBB.1-like)
10/11/2023,Honolulu,XBB.1.5.70,Omicron (XBB-like)
10/12/2023,Honolulu,XBB.1.16.6,Omicron (XBB.1.16-like)
10/15/2023,Honolulu,HK.3,Omicron (XBB.1-like)
10/10/2023,Honolulu,XBB.2.3.11,Omicron (XBB-like)
10/11/2023,Honolulu,HV.1,Omicron (XBB.1-like)
10/11/2023,Honolulu,DV.7.1,Omicron (BA.2-like)
10/11/2023,Honolulu,EG.5.1,Omicron (XBB.1-like)
10/12/2023,Honolulu,HK.3,Omicron (XBB.1-like)
10/12/2023,Honolulu,HV.1,Omicron (XBB.1-like)
10/12/2023,Honolulu,HV.1,Omicron (XBB.1-like)
10/13/2023,Honolulu,EG.5.1,Omicron (XBB.1-like)
10/13/2023,Honolulu,XBB.1.16.11,Omicron (XBB.1.16-like)
10/15/2023,Honolulu,DV.7.1,Omicron (BA.2-like)
10/12/2023,Honolulu,HK.3,Omicron (XBB.1-like)
10/13/2023,Honolulu,GE.1,Omicron (XBB-like)
10/13/2023,Honolulu,HV.1,Omicron (XBB.1-like)
10/14/2023,Honolulu,EG.5.1,Omicron (XBB.1-like)
10/14/2023,Honolulu,EG.5.1.3,Omicron (XBB.1-like)
10/14/2023,Honolulu,EG.5.1,Omicron (XBB.1-like)
10/13/2023,Honolulu,XBB.2.3.11,Omicron (XBB-like)
10/15/2023,Honolulu,EG.5.1.6,Omicron (XBB.1-like)
10/12/2023,Honolulu,HV.1,Omicron (XBB.1-like)
10/13/2023,Honolulu,EG.6.1,Omicron (XBB.1-like)
10/13/2023,Honolulu,HV.1,Omicron (XBB.1-like)
10/14/2023,Honolulu,EG.5.1.3,Omicron (XBB.1-like)
10/14/2023,Honolulu,XBB.1.16.6,Omicron (XBB.1.16-like)
10/15/2023,Honolulu,EG.5.1,Omicron (XBB.1-like)
10/2/2023,Honolulu,XBB.2.3.11,Omicron (Unassigned)
10/7/2023,Honolulu,GK.1.1,Omicron (XBB-like)
10/8/2023,Honolulu,XBB.1.41,Omicron (XBB-like)
10/8/2023,Honolulu,HV.1,Omicron (XBB.1-like)
10/9/2023,Honolulu,XBB.1.5,Omicron (XBB.1.5-like)
10/9/2023,Honolulu,HK.3,Omicron (XBB.1-like)
10/10/2023,Honolulu,XBB.1.41,Omicron (XBB.1-like)
10/12/2023,Honolulu,XBB.1.5.10,Omicron (XBB-like)
10/12/2023,Honolulu,XBB.1.16.6,Omicron (XBB.1.16-like)
10/10/2023,Honolulu,EG.5.1.1,Omicron (XBB.1-like)
10/11/2023,Honolulu,HK.3,Omicron (XBB.1-like)
10/11/2023,Honolulu,EG.5.1.3,Omicron (XBB-like)
10/11/2023,Honolulu,HV.1,Omicron (XBB.1-like)
10/11/2023,Honolulu,DV.7,Omicron (BA.2-like)
10/12/2023,Honolulu,HV.1,Omicron (XBB.1-like)
10/12/2023,Honolulu,XBB.1.5,Omicron (XBB-like)
10/12/2023,Honolulu,HV.1,Omicron (XBB.1-like)
10/12/2023,Honolulu,XBB.1,Omicron (XBB-like)
10/13/2023,Honolulu,EG.5.1,Omicron (XBB.1-like)
10/13/2023,Honolulu,HV.1,Probable Omicron (Unassigned)
10/13/2023,Honolulu,HV.1,Omicron (XBB.1-like)
10/16/2023,Honolulu,FL.1.5,Omicron (XBB-like)
10/16/2023,Honolulu,GK.1.1,Omicron (XBB.1.5-like)
10/1/2023,Honolulu,HK.3,Omicron (XBB.1-like)
10/3/2023,Honolulu,EG.5.1.1,Omicron (XBB.1-like)
10/3/2023,Honolulu,HK.3,Omicron (XBB.1-like)
10/15/2023,Honolulu,HV.1,Omicron (XBB.1-like)
10/15/2023,Honolulu,HK.3,Omicron (XBB.1-like)
10/15/2023,Honolulu,EG.5.1,Omicron (XBB.1-like)
10/15/2023,Honolulu,HV.1,Omicron (XBB.1-like)
10/15/2023,Honolulu,HV.1,Omicron (XBB.1-like)
10/16/2023,Honolulu,EG.5.1.1,Omicron (XBB.1-like)
10/16/2023,Honolulu,HV.1,Omicron (XBB.1-like)
10/16/2023,Honolulu,XBB.1.16.6,Omicron (XBB.1.16-like)
10/16/2023,Honolulu,EG.5.1.3,Omicron (XBB.1-like)
10/17/2023,Honolulu,HK.3,Omicron (XBB.1-like)
10/17/2023,Honolulu,HV.1,Omicron (XBB.1-like)
10/14/2023,Honolulu,XBB.2.3.11,Omicron (XBB-like)
10/16/2023,Honolulu,HV.1,Omicron (XBB.1-like)
10/18/2023,Honolulu,HV.1,Omicron (XBB.1-like)
10/18/2023,Honolulu,HV.1,Omicron (XBB.1-like)
10/18/2023,Honolulu,HV.1,Omicron (XBB.1-like)
10/2/2023,Honolulu,FL.1.5.1,Omicron (XBB.1-like)
10/2/2023,Honolulu,XBB.1.5.70,Omicron (XBB-like)
10/2/2023,Honolulu,XBB.1.16.6,Omicron (XBB.1.16-like)
10/2/2023,Honolulu,XBB.1.16.6,Omicron (XBB.1.16-like)
10/2/2023,Honolulu,HK.3,Omicron (XBB.1-like)
10/2/2023,Honolulu,XBB.1.16.11,Omicron (XBB.1.16-like)
10/3/2023,Honolulu,HV.1,Omicron (XBB.1-like)
10/3/2023,Honolulu,HV.1,Omicron (XBB.1-like)
10/3/2023,Honolulu,HV.1,Omicron (XBB.1-like)
10/15/2023,Honolulu,HK.3,Omicron (XBB.1-like)
10/15/2023,Honolulu,HA.2,Omicron (XBB.1.5-like)
10/15/2023,Honolulu,EG.5.1,Omicron (XBB.1-like)
10/15/2023,Honolulu,EG.5.1.6,Omicron (XBB.1-like)
10/15/2023,Honolulu,HR.1,Omicron (XBB.1.5-like)
10/15/2023,Honolulu,HK.3,Omicron (XBB.1-like)
10/16/2023,Honolulu,HV.1,Omicron (XBB.1-like)
10/17/2023,Honolulu,HR.1,Omicron (XBB.1.5-like)
10/14/2023,Honolulu,XBB.1.42.1,Omicron (XBB.1-like)
10/1/2023,Honolulu,HU.1.1,Omicron (XBB.1-like)
10/2/2023,Honolulu,HV.1,Omicron (XBB.1-like)
10/2/2023,Honolulu,XBB.1.16.6,Omicron (XBB.1.16-like)
10/2/2023,Honolulu,HV.1,Omicron (XBB.1-like)
10/2/2023,Honolulu,HV.1,Omicron (XBB.1-like)
10/3/2023,Honolulu,DV.7.1,Omicron (BA.2-like)
10/3/2023,Honolulu,HK.3,Omicron (XBB.1-like)
10/3/2023,Honolulu,GJ.1.2,Omicron (XBB-like)
10/15/2023,Honolulu,FL.1.5,Omicron (XBB.1-like)
10/16/2023,Honolulu,HV.1,Omicron (XBB.1-like)
10/17/2023,Honolulu,HV.1,Omicron (XBB.1-like)
10/17/2023,Honolulu,XBB.2.3.11,Omicron (XBB-like)
10/16/2023,Honolulu,HV.1,Omicron (XBB.1-like)
10/20/2023,Honolulu,HV.1,Omicron (XBB.1-like)
10/1/2023,Honolulu,EG.5.1,Omicron (XBB.1-like)
10/2/2023,Honolulu,EG.5.1.1,Omicron (XBB.1-like)
10/2/2023,Honolulu,FU.2,Omicron (XBB.1.16-like)
10/15/2023,Honolulu,HV.1,Omicron (XBB.1-like)
10/18/2023,Honolulu,XBB.1.5.70,Omicron (XBB-like)
10/19/2023,Honolulu,XBB.1.5.70,Omicron (XBB-like)
10/19/2023,Honolulu,HV.1,Omicron (XBB.1-like)
10/22/2023,Honolulu,XBB.1.5,Omicron (XBB.1.5-like)
10/20/2023,Honolulu,XBB.2.3.11,Omicron (XBB-like)
10/18/2023,Honolulu,EG.5.1.1,Omicron (XBB.1-like)
10/18/2023,Honolulu,HK.3,Omicron (XBB-like)
10/18/2023,Honolulu,EG.5.1.1,Omicron (XBB.1-like)
10/18/2023,Honolulu,HV.1,Omicron (XBB.1-like)
10/18/2023,Honolulu,HV.1,Omicron (XBB.1-like)
10/18/2023,Honolulu,XBB.1.5.73,Omicron (XBB.1.5-like)
10/19/2023,Honolulu,FL.1.5.1,Omicron (XBB.1-like)
10/19/2023,Honolulu,EG.5.1,Omicron (XBB.1-like)
10/19/2023,Honolulu,FL.1.5.1,Omicron (XBB.1-like)
10/19/2023,Honolulu,DV.7.1,Omicron (BA.2-like)
10/19/2023,Honolulu,HK.3,Omicron (XBB.1-like)
10/19/2023,Honolulu,XBB.1.5,Omicron (XBB.1.5-like)
10/19/2023,Honolulu,HV.1,Omicron (XBB.1-like)
10/20/2023,Honolulu,EG.5.1,Omicron (XBB.1-like)
10/20/2023,Honolulu,HV.1,Omicron (XBB.1-like)
10/20/2023,Honolulu,FL.1.5.1,Omicron (XBB.1-like)
10/20/2023,Honolulu,XBB.1.16.6,Omicron (XBB.1.16-like)
10/20/2023,Honolulu,HK.3,Omicron (XBB.1-like)
10/21/2023,Honolulu,HZ.1,Omicron (XBB.1.5-like)
10/21/2023,Honolulu,EG.5.1,Omicron (XBB.1-like)
10/21/2023,Honolulu,GK.1.1,Omicron (XBB-like)
10/22/2023,Honolulu,HV.1,Omicron (XBB.1-like)
10/21/2023,Honolulu,HV.1,Omicron (XBB.1-like)
10/21/2023,Honolulu,HV.1,Omicron (XBB.1-like)
10/24/2023,Honolulu,EG.5.1,Omicron (XBB.1-like)
10/24/2023,Honolulu,XBB.1.5,Omicron (XBB.1.5-like)
10/23/2023,Honolulu,HV.1,Omicron (XBB.1-like)
10/23/2023,Honolulu,HK.3,Omicron (XBB.1-like)
10/24/2023,Honolulu,XBB.1.16.11,Omicron (XBB.1.16-like)
10/24/2023,Honolulu,XBB.1.5,Omicron (XBB.1.5-like)
10/25/2023,Honolulu,HV.1,Omicron (XBB.1-like)
10/25/2023,Honolulu,XBB.1.5.70,Omicron (XBB.1.5-like)
10/25/2023,Honolulu,FL.1.5,Omicron (XBB.1-like)
10/25/2023,Honolulu,HV.1,Omicron (XBB.1-like)
10/26/2023,Honolulu,HV.1,Omicron (XBB.1-like)
10/26/2023,Honolulu,HK.3,Omicron (XBB.1-like)
10/27/2023,Honolulu, FL.1.5.1,Omicron (XBB.1-like)
10/25/2023,Honolulu, JN.1,Omicron (BA.2-like)
10/25/2023,Honolulu, HK.3,Omicron (XBB.1-like)
10/25/2023,Honolulu, FL.1.5.1,Omicron (XBB.1-like)
10/25/2023,Honolulu, HR.1,Omicron (XBB-like)
10/25/2023,Honolulu, EG.5.1.1,Omicron (XBB.1-like)
10/26/2023,Honolulu, FL.16,Omicron (XBB.1-like)
10/26/2023,Honolulu, FL.1.5.2,Omicron (XBB.1-like)
10/26/2023,Honolulu, EG.5.1.8,Omicron (XBB.1-like)
10/26/2023,Honolulu, HK.6,Omicron (XBB.1-like)
10/26/2023,Honolulu, FL.1.5.1,Omicron (XBB.1-like)
10/26/2023,Honolulu, HK.3,Omicron (XBB.1-like)
10/28/2023,Honolulu, HV.1,Omicron (XBB.1-like)
10/28/2023,Honolulu, EG.5.1.8,Omicron (XBB.1-like)
10/29/2023,Honolulu, JD.1.1.1,Omicron (XBB.1.5-like)
10/23/2023,Honolulu, HV.1,Omicron (XBB.1-like)
10/23/2023,Honolulu, FL.16,Omicron (XBB.1-like)
10/24/2023,Honolulu, HV.1,Omicron (XBB.1-like)
10/24/2023,Honolulu, FL.20,Omicron (XBB.1-like)
10/30/2023,Honolulu, HV.1,Omicron (XBB.1-like)
10/30/2023,Honolulu, HV.1,Omicron (XBB.1-like)
10/31/2023,Honolulu, HV.1,Omicron (XBB.1-like)
10/10/2023,Honolulu, EG.5.1,Omicron (XBB.1-like)
10/21/2023,Honolulu, JD.1.1,Omicron (XBB.1.5-like)
10/21/2023,Honolulu, HV.1,Omicron (XBB.1-like)
10/18/2023,Honolulu, XBB.1.16.6,Omicron (XBB.1.16-like)
10/12/2023,Honolulu, JD.1.1,Omicron (XBB.1.5-like)
10/12/2023,Honolulu, HK.3,Omicron (XBB.1-like)
10/25/2023,Honolulu, EG.5.1.1,Omicron (XBB.1-like)
10/26/2023,Honolulu, FL.1.5.2,Omicron (XBB.1-like)
10/27/2023,Honolulu, HK.3,Omicron (XBB.1-like)
10/27/2023,Honolulu, EG.5.1.1,Omicron (XBB.1-like)
10/27/2023,Honolulu, XBB.1.16.6,Omicron (XBB.1.16-like)
10/29/2023,Honolulu, JD.1,Omicron (XBB.1.5-like)
10/23/2023,Honolulu, HK.7,Omicron (XBB.1-like)
10/23/2023,Honolulu, HV.1,Omicron (XBB.1-like)
10/24/2023,Honolulu, HV.1,Omicron (XBB.1-like)
10/24/2023,Honolulu, HV.1,Omicron (XBB.1-like)
10/24/2023,Honolulu, HV.1,Omicron (XBB.1-like)
10/30/2023,Honolulu, HV.1,Omicron (XBB.1-like)
10/30/2023,Honolulu, EG.5.1.1,Omicron (XBB.1-like)
10/30/2023,Honolulu, XBB.1.41.1,Omicron (XBB.1-like)
10/29/2023,Honolulu, JF.1,Omicron (XBB.1.16-like)
10/30/2023,Honolulu, XBB.1.16.11,Omicron (XBB.1.16-like)
10/31/2023,Honolulu, HK.3,Omicron (XBB.1-like)
10/31/2023,Honolulu, JG.3,Omicron (XBB.1-like)
10/31/2023,Honolulu, HV.1,Omicron (XBB.1-like)
10/8/2023,Honolulu, HV.1,Omicron (XBB.1-like)
10/9/2023,Honolulu, XBB.1.16.23,Omicron (XBB.1.16-like)
10/9/2023,Honolulu, EG.5.1,Omicron (XBB.1-like)
10/9/2023,Honolulu, EG.5.1.6,Omicron (XBB.1-like)
10/10/2023,Honolulu, EG.5.1.1,Omicron (XBB.1-like)
10/10/2023,Honolulu, HK.3,Omicron (XBB.1-like)
10/10/2023,Honolulu, HV.1,Omicron (XBB.1-like)
10/20/2023,Honolulu, HK.3,Omicron (XBB.1-like)
10/21/2023,Honolulu, EG.5.1.8,Omicron (XBB.1-like)
10/18/2023,Honolulu, EG.5.1,Omicron (XBB.1-like)
10/12/2023,Honolulu, JD.1.1,Omicron (XBB.1.5-like)
10/12/2023,Honolulu, JD.1.1,Omicron (XBB.1.5-like)
10/12/2023,Honolulu, HK.3,Omicron (XBB.1-like)
10/2/2023,Honolulu, HV.1,Omicron (XBB.1-like)
10/20/2023,Honolulu,XBB.2.3.11,Omicron (XBB-like)
10/18/2023,Honolulu, EG.2,Omicron (XBB.1-like)
10/23/2023,Honolulu, HV.1,Omicron (XBB.1-like)
10/23/2023,Honolulu,HK.3,Omicron (XBB.1-like)
10/23/2023,Honolulu, HV.1,Omicron (XBB.1-like)
10/23/2023,Honolulu, XCH.1,Omicron (XBB.1.5-like)
10/24/2023,Honolulu,HF.1,Omicron (XBB.1.16-like)
10/24/2023,Honolulu,Unassigned,Omicron (Unassigned)
10/30/2023,Honolulu, EG.5.1,Omicron (XBB.1-like)
10/30/2023,Honolulu, HV.1,Omicron (XBB.1-like)
10/10/2023,Honolulu, HR.1,Omicron (XBB.1.5-like)
10/10/2023,Honolulu, FL.1.5.1,Omicron (XBB.1-like)
10/10/2023,Honolulu, EG.5.1,Omicron (XBB.1-like)
10/10/2023,Honolulu, EG.5.1.8,Omicron (XBB.1-like)
10/20/2023,Honolulu, XBB.1.16.11,Omicron (XBB.1.16-like)
10/20/2023,Honolulu, XBB.1.16.11,Omicron (XBB.1.16-like)
10/22/2023,Honolulu, GJ.1.2.6,Omicron (XBB-like)
10/12/2023,Honolulu, HV.1,Omicron (XBB.1-like)
10/24/2023,Honolulu, EG.5.1.8,Omicron (XBB.1-like)
10/25/2023,Honolulu, GS.4.1,Omicron (XBB-like)
10/25/2023,Honolulu, GS.4.1,Omicron (XBB-like)
10/26/2023,Honolulu, HR.1,Omicron (XBB-like)
10/28/2023,Honolulu, EG.5.1.6,Omicron (XBB.1-like)
10/29/2023,Honolulu, JD.1.2,Omicron (XBB.1.5-like)
10/23/2023,Honolulu, HV.1,Omicron (XBB.1-like)
10/23/2023,Honolulu, XBB.1.16,Omicron (XBB.1.16-like)
10/23/2023,Honolulu, DV.7.1,Omicron (BA.2-like)
10/24/2023,Honolulu, HR.1,Omicron (XBB.1.5-like)
10/24/2023,Honolulu, JD.1.1,Omicron (XBB.1.5-like)
10/24/2023,Honolulu, XBB.1.16.11,Omicron (XBB.1.16-like)
10/24/2023,Honolulu, FL.13,Omicron (XBB.1-like)
10/30/2023,Honolulu, HV.1,Omicron (XBB.1-like)
10/30/2023,Honolulu, EG.5.1.1,Omicron (XBB.1-like)
10/9/2023,Honolulu, GJ.1.2.5,Omicron (XBB-like)
10/10/2023,Honolulu, HV.1,Omicron (XBB.1-like)
10/10/2023,Honolulu, JF.1,Omicron (XBB.1.16-like)
10/10/2023,Honolulu, GJ.5.1,Omicron (XBB-like)
10/20/2023,Honolulu, HV.1,Omicron (XBB.1-like)
10/20/2023,Honolulu, JD.1.1,Omicron (XBB.1.5-like)
10/20/2023,Honolulu, JD.1.1,Omicron (XBB.1.5-like)
10/20/2023,Honolulu, GK.1.3,Omicron (XBB-like)
10/20/2023,Honolulu, EG.5.1.4,Omicron (XBB.1-like)
10/18/2023,Honolulu, HK.3,Omicron (XBB.1-like)
10/19/2023,Honolulu, JD.1.1,Omicron (XBB.1.5-like)
10/19/2023,Honolulu, JD.1.1,Omicron (XBB.1.5-like)
10/11/2023,Honolulu, HZ.1,Omicron (XBB.1.5-like)
10/11/2023,Honolulu, HV.1,Omicron (XBB.1-like)
10/27/2023,Honolulu, HV.1,Omicron (XBB.1-like)
10/21/2023,Honolulu, HV.1,Omicron (XBB-like)
10/22/2023,Honolulu, HV.1,Omicron (XBB.1-like)
10/26/2023,Honolulu, HV.1,Omicron (XBB.1-like)
10/25/2023,Honolulu, HV.1,Omicron (XBB.1-like)
10/27/2023,Honolulu, HV.1,Omicron (XBB.1-like)
10/27/2023,Honolulu, HV.1,Omicron (XBB.1-like)
10/28/2023,Honolulu, HV.1,Omicron (XBB.1-like)
10/23/2023,Honolulu, JD.1.1,Omicron (XBB.1.5-like)
10/23/2023,Honolulu, XBB.1.16.6,Omicron (XBB.1.16-like)
10/23/2023,Honolulu, JD.1.1,Omicron (XBB.1.5-like)
10/24/2023,Honolulu, FY.6,Omicron (XBB.1.5-like)
10/30/2023,Honolulu, HV.1,Omicron (XBB.1-like)
10/30/2023,Honolulu, HV.1,Omicron (XBB.1-like)
10/30/2023,Honolulu, HF.1.1,Omicron (XBB.1.16-like)
10/8/2023,Honolulu, HV.1,Omicron (XBB.1-like)
10/9/2023,Honolulu, EG.5.1.1,Omicron (XBB.1-like)
10/9/2023,Honolulu, HR.1,Omicron (XBB.1.5-like)
10/9/2023,Honolulu, HR.1,Omicron (XBB-like)
10/10/2023,Honolulu, HK.3,Omicron (XBB.1-like)
10/10/2023,Honolulu, FL.1.5.1,Omicron (XBB.1-like)
10/20/2023,Honolulu, HK.3,Omicron (XBB.1-like)
10/20/2023,Honolulu, EG.5.1.3,Omicron (XBB.1-like)
10/22/2023,Honolulu, EG.5.1.1,Omicron (XBB.1-like)
10/17/2023,Honolulu, JG.3,Omicron (XBB.1-like)
10/18/2023,Honolulu, GS.4,Omicron (XBB-like)
10/19/2023,Honolulu, HV.1,Omicron (XBB.1-like)
10/11/2023,Honolulu, JD.1.1,Omicron (XBB.1.5-like)
10/11/2023,Honolulu, GK.1.1,Omicron (XBB.1.5-like)
10/11/2023,Honolulu, HV.1,Omicron (XBB.1-like)
10/12/2023,Honolulu, EG.5.1,Omicron (XBB-like)
10/12/2023,Honolulu, HR.1,Omicron (XBB.1.5-like)
10/12/2023,Honolulu, GK.1.1,Omicron (XBB-like)
10/19/2023,Honolulu, XBB.1.5.70,Omicron (XBB-like)
10/18/2023,Honolulu, EG.5.1.1,Omicron (XBB.1-like)
10/20/2023,Honolulu, EG.5.1.1,Omicron (XBB.1-like)
10/21/2023,Honolulu, HV.1,Omicron (XBB.1-like)
10/23/2023,Honolulu, EG.5.1.1,Omicron (XBB.1-like)
10/23/2023,Honolulu, HK.3,Omicron (XBB.1-like)
10/26/2023,Honolulu, HK.3,Omicron (XBB.1-like)
10/26/2023,Honolulu, EG.5.1.1,Omicron (XBB.1-like)
10/25/2023,Honolulu, JD.1.1,Omicron (XBB.1.5-like)
10/25/2023,Honolulu, JD.1.1.1,Omicron (XBB.1.5-like)
10/27/2023,Honolulu, HV.1,Omicron (XBB.1-like)
10/23/2023,Honolulu, HV.1,Omicron (XBB.1-like)
10/23/2023,Honolulu, HK.2,Omicron (XBB.1-like)
10/24/2023,Honolulu, JG.3,Omicron (XBB.1-like)
10/24/2023,Honolulu, JG.3,Omicron (XBB.1-like)
10/24/2023,Honolulu, JD.1.1,Omicron (XBB.1.5-like)
10/24/2023,Honolulu,HV.1,Omicron (XBB-like)
10/30/2023,Honolulu,XBB.1.16.6,Omicron (XBB.1.16-like)
10/30/2023,Honolulu, EG.5.1.1,Omicron (XBB.1-like)
10/31/2023,Honolulu, HV.1,Omicron (XBB-like)
10/9/2023,Honolulu, HV.1,Omicron (XBB.1-like)
10/9/2023,Honolulu, HV.1,Omicron (XBB.1-like)
10/9/2023,Honolulu, HR.1,Omicron (XBB.1.5-like)
10/10/2023,Honolulu, JD.1.1,Omicron (XBB-like)
10/10/2023,Honolulu, GK.1.1,Omicron (XBB.1.5-like)
10/20/2023,Honolulu, FY.6,Omicron (XBB.1.5-like)
10/21/2023,Honolulu, HV.1,Omicron (XBB.1-like)
10/18/2023,Honolulu, GK.1,Omicron (XBB.1.5-like)
10/19/2023,Honolulu, JD.1.1,Omicron (XBB.1.5-like)
10/19/2023,Honolulu, EG.5.1.1,Omicron (XBB.1-like)
10/11/2023,Honolulu, DV.7.1.1,Omicron (BA.2-like)
10/11/2023,Honolulu, HV.1,Omicron (XBB.1-like)
10/11/2023,Honolulu, HV.1,Omicron (XBB.1-like)
10/12/2023,Honolulu, EG.5.1,Omicron (XBB.1-like)
10/12/2023,Honolulu, XBB.1.16.11,Omicron (XBB.1.16-like)
10/12/2023,Honolulu,JD.1.1,Omicron (XBB-like)
10/17/2023,Honolulu,XBB.1.16.11,Omicron (XBB.1.16-like)
10/17/2023,Honolulu,JF.1,Omicron (XBB.1.16-like)
10/25/2023,Honolulu,HV.1,Omicron (XBB.1-like)
10/25/2023,Honolulu,GK.1.4,Omicron (XBB.1.5-like)
10/25/2023,Honolulu,HV.1,Omicron (XBB.1-like)
10/26/2023,Honolulu,FY.6,Omicron (XBB.1.5-like)
10/16/2023,Honolulu,HF.1.2,Omicron (XBB.1.16-like)
10/16/2023,Honolulu,HV.1,Omicron (XBB.1-like)
10/16/2023,Honolulu,HV.1,Omicron (XBB.1-like)
10/16/2023,Honolulu,XBB.1.5.103,Omicron (XBB.1.5-like)
10/16/2023,Honolulu,HV.1,Omicron (XBB.1-like)
10/16/2023,Honolulu,HV.1,Omicron (XBB.1-like)
10/16/2023,Honolulu,EG.5.1.6,Omicron (XBB.1-like)
10/16/2023,Honolulu,HF.1,Omicron (XBB.1.16-like)
10/16/2023,Honolulu,EG.5.1.1,Omicron (XBB.1-like)
10/17/2023,Honolulu,HV.1,Omicron (XBB.1-like)
10/25/2023,Honolulu,JG.3,Omicron (XBB.1-like)
10/25/2023,Honolulu,HV.1,Omicron (XBB.1-like)
10/25/2023,Honolulu,XBB.1.16.15,Omicron (XBB.1.16-like)
10/25/2023,Honolulu,JD.1.1,Omicron (XBB.1.5-like)
10/25/2023,Honolulu,HV.1,Omicron (XBB.1-like)
10/25/2023,Honolulu,HK.3,Omicron (XBB.1-like)
10/25/2023,Honolulu,EG.5.1.1,Omicron (XBB.1-like)
10/25/2023,Honolulu,JD.1.1,Omicron (XBB.1.5-like)
10/25/2023,Honolulu,GK.1,Omicron (XBB-like)
10/25/2023,Honolulu,XBB.1.41.2,Omicron (XBB.1-like)
10/26/2023,Honolulu,BA.2.86.1,Omicron (BA.2-like)
10/17/2023,Honolulu,EG.5.1,Omicron (XBB.1-like)
10/17/2023,Honolulu,HV.1,Omicron (XBB.1-like)
10/17/2023,Honolulu,GJ.1.2,Probable Omicron (Unassigned)
10/24/2023,Honolulu,XBB.1.16.6,Omicron (XBB.1.16-like)
10/25/2023,Honolulu,HV.1,Omicron (XBB.1-like)
10/25/2023,Honolulu,GS.4.1,Omicron (XBB-like)
10/25/2023,Honolulu,GS.4.1,Omicron (XBB-like)
10/26/2023,Honolulu,EG.5.1.3,Omicron (XBB.1-like)
10/26/2023,Honolulu,HV.1,Omicron (XBB.1-like)
10/7/2023,Kauai,FL.1.5.1,Omicron (Unassigned)
10/9/2023,Kauai,EG.5.1.1,Omicron (XBB.1-like)
10/3/2023,Kauai,XBB.1.5.72,Omicron (XBB.1.5-like)
10/18/2023,Kauai,EG.5.1.6,Omicron (XBB.1-like)
10/31/2023,Kauai, HK.3,Omicron (XBB.1-like)
10/9/2023,Kauai, FL.1.5.1,Omicron (XBB.1-like)
10/18/2023,Kauai, EG.5.1.1,Omicron (XBB.1-like)
10/20/2023,Kauai, HK.6,Omicron (XBB.1-like)
10/24/2023,Kauai, EG.5.1.3,Omicron (XBB.1-like)
10/9/2023,Maui,XBB.1.16.12,Omicron (XBB.1.16-like)
10/2/2023,Maui,XBB.1.5,Omicron (XBB.1.5-like)
10/2/2023,Maui,EG.5.1.4,Omicron (XBB.1-like)
10/2/2023,Maui,EG.5.1,Omicron (XBB.1-like)
10/24/2023,Maui,HV.1,Omicron (XBB.1-like)
10/10/2023,Maui, HK.11,Omicron (XBB.1-like)
10/10/2023,Maui, HK.11,Omicron (XBB.1-like)
10/11/2023,Maui, HV.1,Omicron (XBB.1-like)
10/18/2023,Maui,Unassigned,
10/10/2023,Maui, HK.11,Omicron (XBB.1-like)
10/10/2023,Maui, HK.11,Omicron (XBB.1-like)
10/10/2023,Maui, HK.11,Omicron (XBB.1-like)
10/11/2023,Maui, HK.3,Omicron (XBB.1-like)
10/23/2023,Maui, JD.1.1,Omicron (XBB.1.5-like)
10/10/2023,Maui, HK.3.2,Omicron (XBB.1-like)
10/10/2023,Maui, HK.11,Omicron (XBB.1-like)
10/26/2023,Maui,HV.1,Omicron (XBB.1-like)
10/16/2023,Maui,HK.3,Omicron (XBB.1-like)
10/17/2023,Maui,JD.1.1,Omicron (XBB.1.5-like)
10/25/2023,Maui,EG.5.1,Omicron (XBB.1-like)
10/25/2023,Maui,HV.1,Omicron (XBB.1-like)
10/26/2023,Maui,HV.1,Omicron (XBB.1-like)
10/17/2023,Maui,XBB.1.16.11,Omicron (XBB.1.16-like)
10/17/2023,Maui,GK.1.1,Omicron (XBB.1.5-like)
10/30/2023,Maui, HV.1,Omicron (XBB.1-like)
10/26/2023,Maui, FL.1.5.1,Omicron (XBB.1-like)
